pressure [MPa], density [g/ml], viscosity [muPa*s], enthalpy [kJ/kg]
.050, 1.35465127e-04, 2.96558313e-05, 3.54675407e+03
.150, 4.06664657e-04, 2.96582560e-05, 3.54577432e+03
.250, 6.78224198e-04, 2.96607189e-05, 3.54479361e+03
.350, 9.50145008e-04, 2.96632201e-05, 3.54381191e+03
.450, 1.22242832e-03, 2.96657598e-05, 3.54282924e+03
.550, 1.49507546e-03, 2.96683379e-05, 3.54184558e+03
.650, 1.76808744e-03, 2.96709546e-05, 3.54086093e+03
.750, 2.04146582e-03, 2.96736100e-05, 3.53987528e+03
.850, 2.31521172e-03, 2.96763041e-05, 3.53888862e+03
.950, 2.58932624e-03, 2.96790372e-05, 3.53790096e+03
1.050, 2.86381081e-03, 2.96818091e-05, 3.53691228e+03
1.150, 3.13866689e-03, 2.96846201e-05, 3.53592257e+03
1.250, 3.41389560e-03, 2.96874703e-05, 3.53493185e+03
1.350, 3.68949823e-03, 2.96903596e-05, 3.53394008e+03
1.450, 3.96547610e-03, 2.96932883e-05, 3.53294728e+03
1.550, 4.24183018e-03, 2.96962565e-05, 3.53195344e+03
1.650, 4.51856245e-03, 2.96992641e-05, 3.53095855e+03
1.750, 4.79567391e-03, 2.97023113e-05, 3.52996260e+03
1.850, 5.07316587e-03, 2.97053983e-05, 3.52896559e+03
1.950, 5.35103969e-03, 2.97085251e-05, 3.52796751e+03
2.050, 5.62929638e-03, 2.97116917e-05, 3.52696837e+03
2.150, 5.90793828e-03, 2.97148984e-05, 3.52596815e+03
2.250, 6.18696542e-03, 2.97181452e-05, 3.52496684e+03
2.350, 6.46637983e-03, 2.97214322e-05, 3.52396445e+03
2.450, 6.74618355e-03, 2.97247595e-05, 3.52296097e+03
2.550, 7.02637664e-03, 2.97281271e-05, 3.52195638e+03
2.650, 7.30696179e-03, 2.97315354e-05, 3.52095070e+03
2.750, 7.58793909e-03, 2.97349842e-05, 3.51994390e+03
2.850, 7.86931058e-03, 2.97384737e-05, 3.51893600e+03
2.950, 8.15107835e-03, 2.97420040e-05, 3.51792697e+03
3.050, 8.43324247e-03, 2.97455753e-05, 3.51691682e+03
3.150, 8.71580571e-03, 2.97491876e-05, 3.51590554e+03
3.250, 8.99876814e-03, 2.97528410e-05, 3.51489313e+03
3.350, 9.28213188e-03, 2.97565357e-05, 3.51387958e+03
3.450, 9.56589903e-03, 2.97602717e-05, 3.51286488e+03
3.550, 9.85006970e-03, 2.97640492e-05, 3.51184904e+03
3.650, 1.01346467e-02, 2.97678683e-05, 3.51083204e+03
3.750, 1.04196301e-02, 2.97717290e-05, 3.50981389e+03
3.850, 1.07050221e-02, 2.97756315e-05, 3.50879457e+03
3.950, 1.09908248e-02, 2.97795759e-05, 3.50777408e+03
4.050, 1.12770390e-02, 2.97835623e-05, 3.50675242e+03
4.150, 1.15636656e-02, 2.97875909e-05, 3.50572958e+03
4.250, 1.18507067e-02, 2.97916616e-05, 3.50470556e+03
4.350, 1.21381638e-02, 2.97957747e-05, 3.50368035e+03
4.450, 1.24260385e-02, 2.97999303e-05, 3.50265395e+03
4.550, 1.27143335e-02, 2.98041285e-05, 3.50162635e+03
4.650, 1.30030477e-02, 2.98083693e-05, 3.50059755e+03
4.750, 1.32921840e-02, 2.98126530e-05, 3.49956755e+03
4.850, 1.35817440e-02, 2.98169796e-05, 3.49853634e+03
4.950, 1.38717291e-02, 2.98213492e-05, 3.49750391e+03
5.050, 1.41621422e-02, 2.98257620e-05, 3.49647026e+03
5.150, 1.44529823e-02, 2.98302181e-05, 3.49543540e+03
5.250, 1.47442522e-02, 2.98347176e-05, 3.49439930e+03
5.350, 1.50359536e-02, 2.98392606e-05, 3.49336197e+03
5.450, 1.53280879e-02, 2.98438472e-05, 3.49232341e+03
5.550, 1.56206581e-02, 2.98484777e-05, 3.49128360e+03
5.650, 1.59136631e-02, 2.98531520e-05, 3.49024255e+03
5.750, 1.62071058e-02, 2.98578704e-05, 3.48920025e+03
5.850, 1.65009879e-02, 2.98626328e-05, 3.48815670e+03
5.950, 1.67953110e-02, 2.98674396e-05, 3.48711189e+03
6.050, 1.70900780e-02, 2.98722908e-05, 3.48606581e+03
6.150, 1.73852878e-02, 2.98771864e-05, 3.48501848e+03
6.250, 1.76809435e-02, 2.98821267e-05, 3.48396987e+03
6.350, 1.79770466e-02, 2.98871118e-05, 3.48291999e+03
6.450, 1.82735988e-02, 2.98921418e-05, 3.48186883e+03
6.550, 1.85706032e-02, 2.98972169e-05, 3.48081639e+03
6.650, 1.88680585e-02, 2.99023371e-05, 3.47976267e+03
6.750, 1.91659680e-02, 2.99075026e-05, 3.47870766e+03
6.850, 1.94643331e-02, 2.99127135e-05, 3.47765135e+03
6.950, 1.97631557e-02, 2.99179701e-05, 3.47659375e+03
7.050, 2.00624388e-02, 2.99232723e-05, 3.47553484e+03
7.150, 2.03621813e-02, 2.99286203e-05, 3.47447464e+03
7.250, 2.06623862e-02, 2.99340144e-05, 3.47341313e+03
7.350, 2.09630554e-02, 2.99394545e-05, 3.47235030e+03
7.450, 2.12641904e-02, 2.99449409e-05, 3.47128616e+03
7.550, 2.15657945e-02, 2.99504737e-05, 3.47022070e+03
7.650, 2.18678664e-02, 2.99560529e-05, 3.46915392e+03
7.750, 2.21704094e-02, 2.99616789e-05, 3.46808581e+03
7.850, 2.24734252e-02, 2.99673517e-05, 3.46701638e+03
7.950, 2.27769155e-02, 2.99730714e-05, 3.46594561e+03
8.050, 2.30808835e-02, 2.99788382e-05, 3.46487350e+03
8.150, 2.33853267e-02, 2.99846522e-05, 3.46380006e+03
8.250, 2.36902526e-02, 2.99905136e-05, 3.46272527e+03
8.350, 2.39956600e-02, 2.99964226e-05, 3.46164914e+03
8.450, 2.43015478e-02, 3.00023791e-05, 3.46057166e+03
8.550, 2.46079237e-02, 3.00083836e-05, 3.45949282e+03
8.650, 2.49147835e-02, 3.00144359e-05, 3.45841264e+03
8.750, 2.52221350e-02, 3.00205364e-05, 3.45733109e+03
8.850, 2.55299769e-02, 3.00266852e-05, 3.45624818e+03
8.950, 2.58383082e-02, 3.00328823e-05, 3.45516391e+03
9.050, 2.61471365e-02, 3.00391281e-05, 3.45407826e+03
9.150, 2.64564578e-02, 3.00454225e-05, 3.45299126e+03
9.250, 2.67662798e-02, 3.00517658e-05, 3.45190287e+03
9.350, 2.70766014e-02, 3.00581581e-05, 3.45081310e+03
9.450, 2.73874214e-02, 3.00645996e-05, 3.44972196e+03
9.550, 2.76987477e-02, 3.00710904e-05, 3.44862944e+03
9.650, 2.80105760e-02, 3.00776307e-05, 3.44753553e+03
9.750, 2.83229143e-02, 3.00842207e-05, 3.44644023e+03
9.850, 2.86357614e-02, 3.00908605e-05, 3.44534354e+03
9.950, 2.89491162e-02, 3.00975501e-05, 3.44424546e+03
10.050, 2.92629866e-02, 3.01042900e-05, 3.44314598e+03
10.150, 2.95773684e-02, 3.01110800e-05, 3.44204511e+03
10.250, 2.98922695e-02, 3.01179206e-05, 3.44094282e+03
10.350, 3.02076889e-02, 3.01248118e-05, 3.43983914e+03
10.450, 3.05236253e-02, 3.01317537e-05, 3.43873405e+03
10.550, 3.08400868e-02, 3.01387466e-05, 3.43762755e+03
10.650, 3.11570692e-02, 3.01457905e-05, 3.43651965e+03
10.750, 3.14745805e-02, 3.01528857e-05, 3.43541032e+03
10.850, 3.17926196e-02, 3.01600324e-05, 3.43429957e+03
10.950, 3.21111853e-02, 3.01672306e-05, 3.43318742e+03
11.050, 3.24302857e-02, 3.01744806e-05, 3.43207383e+03
11.150, 3.27499166e-02, 3.01817825e-05, 3.43095884e+03
11.250, 3.30700861e-02, 3.01891366e-05, 3.42984240e+03
11.350, 3.33907931e-02, 3.01965429e-05, 3.42872454e+03
11.450, 3.37120364e-02, 3.02040017e-05, 3.42760526e+03
11.550, 3.40338243e-02, 3.02115131e-05, 3.42648453e+03
11.650, 3.43561524e-02, 3.02190773e-05, 3.42536238e+03
11.750, 3.46790290e-02, 3.02266945e-05, 3.42423879e+03
11.850, 3.50024528e-02, 3.02343648e-05, 3.42311375e+03
11.950, 3.53264230e-02, 3.02420885e-05, 3.42198729e+03
12.050, 3.56509475e-02, 3.02498656e-05, 3.42085937e+03
12.150, 3.59760223e-02, 3.02576964e-05, 3.41973002e+03
12.250, 3.63016555e-02, 3.02655812e-05, 3.41859921e+03
12.350, 3.66278460e-02, 3.02735200e-05, 3.41746695e+03
12.450, 3.69545928e-02, 3.02815129e-05, 3.41633325e+03
12.550, 3.72819040e-02, 3.02895603e-05, 3.41519809e+03
12.650, 3.76097756e-02, 3.02976623e-05, 3.41406148e+03
12.750, 3.79382157e-02, 3.03058191e-05, 3.41292341e+03
12.850, 3.82672233e-02, 3.03140309e-05, 3.41178388e+03
12.950, 3.85967973e-02, 3.03222977e-05, 3.41064291e+03
13.050, 3.89269461e-02, 3.03306200e-05, 3.40950046e+03
13.150, 3.92576653e-02, 3.03389977e-05, 3.40835656e+03
13.250, 3.95889634e-02, 3.03474312e-05, 3.40721118e+03
13.350, 3.99208393e-02, 3.03559206e-05, 3.40606434e+03
13.450, 4.02532919e-02, 3.03644660e-05, 3.40491604e+03
13.550, 4.05863296e-02, 3.03730678e-05, 3.40376626e+03
13.650, 4.09199481e-02, 3.03817260e-05, 3.40261502e+03
13.750, 4.12541559e-02, 3.03904410e-05, 3.40146230e+03
13.850, 4.15889519e-02, 3.03992129e-05, 3.40030811e+03
13.950, 4.19243351e-02, 3.04080417e-05, 3.39915245e+03
14.050, 4.22603139e-02, 3.04169279e-05, 3.39799531e+03
14.150, 4.25968840e-02, 3.04258715e-05, 3.39683670e+03
14.250, 4.29340540e-02, 3.04348728e-05, 3.39567660e+03
14.350, 4.32718227e-02, 3.04439320e-05, 3.39451501e+03
14.450, 4.36101892e-02, 3.04530492e-05, 3.39335196e+03
14.550, 4.39491619e-02, 3.04622247e-05, 3.39218742e+03
14.650, 4.42887366e-02, 3.04714586e-05, 3.39102140e+03
14.750, 4.46289219e-02, 3.04807513e-05, 3.38985389e+03
14.850, 4.49697166e-02, 3.04901029e-05, 3.38868489e+03
14.950, 4.53111198e-02, 3.04995135e-05, 3.38751442e+03
15.050, 4.56531400e-02, 3.05089834e-05, 3.38634244e+03
15.150, 4.59957729e-02, 3.05185128e-05, 3.38516899e+03
15.250, 4.63390273e-02, 3.05281020e-05, 3.38399404e+03
15.350, 4.66829019e-02, 3.05377511e-05, 3.38281759e+03
15.450, 4.70273958e-02, 3.05474603e-05, 3.38163967e+03
15.550, 4.73725177e-02, 3.05572299e-05, 3.38046024e+03
15.650, 4.77182632e-02, 3.05670599e-05, 3.37927933e+03
15.750, 4.80646411e-02, 3.05769509e-05, 3.37809691e+03
15.850, 4.84116503e-02, 3.05869028e-05, 3.37691300e+03
15.950, 4.87592896e-02, 3.05969158e-05, 3.37572760e+03
16.050, 4.91075647e-02, 3.06069903e-05, 3.37454071e+03
16.150, 4.94564810e-02, 3.06171265e-05, 3.37335231e+03
16.250, 4.98060375e-02, 3.06273246e-05, 3.37216240e+03
16.350, 5.01562364e-02, 3.06375848e-05, 3.37097100e+03
16.450, 5.05070800e-02, 3.06479072e-05, 3.36977810e+03
16.550, 5.08585636e-02, 3.06582920e-05, 3.36858372e+03
16.650, 5.12107031e-02, 3.06687398e-05, 3.36738782e+03
16.750, 5.15634940e-02, 3.06792505e-05, 3.36619042e+03
16.850, 5.19169384e-02, 3.06898244e-05, 3.36499151e+03
16.950, 5.22710387e-02, 3.07004618e-05, 3.36379110e+03
17.050, 5.26257904e-02, 3.07111626e-05, 3.36258921e+03
17.150, 5.29812092e-02, 3.07219274e-05, 3.36138580e+03
17.250, 5.33372907e-02, 3.07327565e-05, 3.36018088e+03
17.350, 5.36940372e-02, 3.07436498e-05, 3.35897445e+03
17.450, 5.40514509e-02, 3.07546077e-05, 3.35776652e+03
17.550, 5.44095272e-02, 3.07656303e-05, 3.35655711e+03
17.650, 5.47682822e-02, 3.07767180e-05, 3.35534617e+03
17.750, 5.51277113e-02, 3.07878711e-05, 3.35413373e+03
17.850, 5.54878167e-02, 3.07990896e-05, 3.35291978e+03
17.950, 5.58486009e-02, 3.08103740e-05, 3.35170432e+03
18.050, 5.62100592e-02, 3.08217240e-05, 3.35048737e+03
18.150, 5.65722077e-02, 3.08331406e-05, 3.34926890e+03
18.250, 5.69350418e-02, 3.08446236e-05, 3.34804892e+03
18.350, 5.72985639e-02, 3.08561733e-05, 3.34682744e+03
18.450, 5.76627762e-02, 3.08677899e-05, 3.34560444e+03
18.550, 5.80276742e-02, 3.08794735e-05, 3.34437997e+03
18.650, 5.83932741e-02, 3.08912248e-05, 3.34315396e+03
18.750, 5.87595713e-02, 3.09030438e-05, 3.34192644e+03
18.850, 5.91265681e-02, 3.09149306e-05, 3.34069742e+03
18.950, 5.94942669e-02, 3.09268857e-05, 3.33946689e+03
19.050, 5.98626630e-02, 3.09389089e-05, 3.33823487e+03
19.150, 6.02317727e-02, 3.09510011e-05, 3.33700133e+03
19.250, 6.06015915e-02, 3.09631621e-05, 3.33576628e+03
19.350, 6.09721217e-02, 3.09753924e-05, 3.33452972e+03
19.450, 6.13433657e-02, 3.09876920e-05, 3.33329165e+03
19.550, 6.17153187e-02, 3.10000611e-05, 3.33205210e+03
19.650, 6.20879972e-02, 3.10125004e-05, 3.33081102e+03
19.750, 6.24613967e-02, 3.10250099e-05, 3.32956843e+03
19.850, 6.28355194e-02, 3.10375897e-05, 3.32832433e+03
19.950, 6.32103678e-02, 3.10502403e-05, 3.32707873e+03
20.050, 6.35859370e-02, 3.10629616e-05, 3.32583165e+03
20.150, 6.39622438e-02, 3.10757544e-05, 3.32458304e+03
20.250, 6.43392834e-02, 3.10886187e-05, 3.32333292e+03
20.350, 6.47170583e-02, 3.11015546e-05, 3.32208130e+03
20.450, 6.50955707e-02, 3.11145626e-05, 3.32082817e+03
20.550, 6.54748160e-02, 3.11276426e-05, 3.31957357e+03
20.650, 6.58548109e-02, 3.11407954e-05, 3.31831743e+03
20.750, 6.62355506e-02, 3.11540209e-05, 3.31705979e+03
20.850, 6.66170376e-02, 3.11673196e-05, 3.31580065e+03
20.950, 6.69992743e-02, 3.11806915e-05, 3.31454001e+03
21.050, 6.73822558e-02, 3.11941368e-05, 3.31327789e+03
21.150, 6.77659991e-02, 3.12076562e-05, 3.31201425e+03
21.250, 6.81504993e-02, 3.12212497e-05, 3.31074910e+03
21.350, 6.85357590e-02, 3.12349177e-05, 3.30948245e+03
21.450, 6.89217804e-02, 3.12486603e-05, 3.30821431e+03
21.550, 6.93085587e-02, 3.12624776e-05, 3.30694469e+03
21.650, 6.96961111e-02, 3.12763704e-05, 3.30567354e+03
21.750, 7.00844326e-02, 3.12903387e-05, 3.30440090e+03
21.850, 7.04735256e-02, 3.13043828e-05, 3.30312677e+03
21.950, 7.08633927e-02, 3.13185029e-05, 3.30185113e+03
22.050, 7.12540288e-02, 3.13326991e-05, 3.30057403e+03
22.150, 7.16454513e-02, 3.13469722e-05, 3.29929541e+03
22.250, 7.20376551e-02, 3.13613222e-05, 3.29801529e+03
22.350, 7.24306428e-02, 3.13757493e-05, 3.29673368e+03
22.450, 7.28244167e-02, 3.13902539e-05, 3.29545058e+03
22.550, 7.32189719e-02, 3.14048360e-05, 3.29416601e+03
22.650, 7.36143258e-02, 3.14194964e-05, 3.29287993e+03
22.750, 7.40104733e-02, 3.14342350e-05, 3.29159236e+03
22.850, 7.44074170e-02, 3.14490523e-05, 3.29030329e+03
22.950, 7.48051593e-02, 3.14639484e-05, 3.28901275e+03
23.050, 7.52036951e-02, 3.14789234e-05, 3.28772074e+03
23.150, 7.56030420e-02, 3.14939782e-05, 3.28642722e+03
23.250, 7.60031949e-02, 3.15091127e-05, 3.28513221e+03
23.350, 7.64041564e-02, 3.15243273e-05, 3.28383573e+03
23.450, 7.68059288e-02, 3.15396221e-05, 3.28253776e+03
23.550, 7.72085069e-02, 3.15549973e-05, 3.28123833e+03
23.650, 7.76119087e-02, 3.15704537e-05, 3.27993740e+03
23.750, 7.80161289e-02, 3.15859914e-05, 3.27863499e+03
23.850, 7.84211700e-02, 3.16016105e-05, 3.27733111e+03
23.950, 7.88270344e-02, 3.16173114e-05, 3.27602574e+03
24.050, 7.92337169e-02, 3.16330941e-05, 3.27471893e+03
24.150, 7.96412356e-02, 3.16489595e-05, 3.27341062e+03
24.250, 8.00495850e-02, 3.16649077e-05, 3.27210084e+03
24.350, 8.04587678e-02, 3.16809388e-05, 3.27078958e+03
24.450, 8.08687863e-02, 3.16970532e-05, 3.26947686e+03
24.550, 8.12796353e-02, 3.17132508e-05, 3.26816269e+03
24.650, 8.16913329e-02, 3.17295327e-05, 3.26684703e+03
24.750, 8.21038737e-02, 3.17458988e-05, 3.26552991e+03
24.850, 8.25172603e-02, 3.17623494e-05, 3.26421132e+03
24.950, 8.29314951e-02, 3.17788848e-05, 3.26289127e+03
25.050, 8.33465727e-02, 3.17955050e-05, 3.26156978e+03
25.150, 8.37625114e-02, 3.18122110e-05, 3.26024681e+03
25.250, 8.41793059e-02, 3.18290026e-05, 3.25892238e+03
25.350, 8.45969584e-02, 3.18458803e-05, 3.25759649e+03
25.450, 8.50154717e-02, 3.18628444e-05, 3.25626915e+03
25.550, 8.54348401e-02, 3.18798948e-05, 3.25494038e+03
25.650, 8.58550821e-02, 3.18970325e-05, 3.25361014e+03
25.750, 8.62761922e-02, 3.19142574e-05, 3.25227845e+03
25.850, 8.66981729e-02, 3.19315700e-05, 3.25094530e+03
25.950, 8.71210267e-02, 3.19489704e-05, 3.24961072e+03
26.050, 8.75447480e-02, 3.19664588e-05, 3.24827471e+03
26.150, 8.79693554e-02, 3.19840360e-05, 3.24693724e+03
26.250, 8.83948433e-02, 3.20017020e-05, 3.24559832e+03
26.350, 8.88212142e-02, 3.20194572e-05, 3.24425797e+03
26.450, 8.92484705e-02, 3.20373019e-05, 3.24291618e+03
26.550, 8.96766067e-02, 3.20552360e-05, 3.24157298e+03
26.650, 9.01056413e-02, 3.20732606e-05, 3.24022833e+03
26.750, 9.05355689e-02, 3.20913757e-05, 3.23888224e+03
26.850, 9.09663918e-02, 3.21095814e-05, 3.23753473e+03
26.950, 9.13981125e-02, 3.21278783e-05, 3.23618578e+03
27.050, 9.18307252e-02, 3.21462662e-05, 3.23483544e+03
27.150, 9.22642488e-02, 3.21647461e-05, 3.23348366e+03
27.250, 9.26986777e-02, 3.21833181e-05, 3.23213045e+03
27.350, 9.31340141e-02, 3.22019825e-05, 3.23077582e+03
27.450, 9.35702606e-02, 3.22207395e-05, 3.22941978e+03
27.550, 9.40074113e-02, 3.22395892e-05, 3.22806236e+03
27.650, 9.44454853e-02, 3.22585326e-05, 3.22670349e+03
27.750, 9.48844767e-02, 3.22775696e-05, 3.22534322e+03
27.850, 9.53243879e-02, 3.22967006e-05, 3.22398154e+03
27.950, 9.57652213e-02, 3.23159259e-05, 3.22261846e+03
28.050, 9.62069710e-02, 3.23352455e-05, 3.22125401e+03
28.150, 9.66496563e-02, 3.23546604e-05, 3.21988813e+03
28.250, 9.70932710e-02, 3.23741706e-05, 3.21852085e+03
28.350, 9.75378177e-02, 3.23937764e-05, 3.21715218e+03
28.450, 9.79832987e-02, 3.24134781e-05, 3.21578212e+03
28.550, 9.84297079e-02, 3.24332758e-05, 3.21441070e+03
28.650, 9.88770647e-02, 3.24531704e-05, 3.21303787e+03
28.750, 9.93253630e-02, 3.24731620e-05, 3.21166365e+03
28.850, 9.97746053e-02, 3.24932508e-05, 3.21028806e+03
28.950, 1.00224794e-01, 3.25134372e-05, 3.20891109e+03
29.050, 1.00675922e-01, 3.25337211e-05, 3.20753277e+03
29.150, 1.01128011e-01, 3.25541037e-05, 3.20615306e+03
29.250, 1.01581052e-01, 3.25745849e-05, 3.20477197e+03
29.350, 1.02035049e-01, 3.25951650e-05, 3.20338953e+03
29.450, 1.02490005e-01, 3.26158444e-05, 3.20200572e+03
29.550, 1.02945912e-01, 3.26366229e-05, 3.20062058e+03
29.650, 1.03402790e-01, 3.26575017e-05, 3.19923406e+03
29.750, 1.03860633e-01, 3.26784808e-05, 3.19784618e+03
29.850, 1.04319444e-01, 3.26995605e-05, 3.19645696e+03
29.950, 1.04779225e-01, 3.27207411e-05, 3.19506639e+03
30.050, 1.05239968e-01, 3.27420226e-05, 3.19367450e+03
30.150, 1.05701695e-01, 3.27634060e-05, 3.19228125e+03
30.250, 1.06164398e-01, 3.27848913e-05, 3.19088667e+03
30.350, 1.06628080e-01, 3.28064790e-05, 3.18949075e+03
30.450, 1.07092743e-01, 3.28281691e-05, 3.18809351e+03
30.550, 1.07558381e-01, 3.28499618e-05, 3.18669496e+03
30.650, 1.08025013e-01, 3.28718582e-05, 3.18529507e+03
30.750, 1.08492632e-01, 3.28938582e-05, 3.18389386e+03
30.850, 1.08961242e-01, 3.29159621e-05, 3.18249134e+03
30.950, 1.09430844e-01, 3.29381702e-05, 3.18108751e+03
31.050, 1.09901431e-01, 3.29604825e-05, 3.17968240e+03
31.150, 1.10373024e-01, 3.29829002e-05, 3.17827596e+03
31.250, 1.10845615e-01, 3.30054231e-05, 3.17686823e+03
31.350, 1.11319208e-01, 3.30280516e-05, 3.17545920e+03
31.450, 1.11793803e-01, 3.30507861e-05, 3.17404888e+03
31.550, 1.12269395e-01, 3.30736264e-05, 3.17263730e+03
31.650, 1.12746003e-01, 3.30965737e-05, 3.17122441e+03
31.750, 1.13223620e-01, 3.31196280e-05, 3.16981025e+03
31.850, 1.13702249e-01, 3.31427895e-05, 3.16839481e+03
31.950, 1.14181892e-01, 3.31660586e-05, 3.16697810e+03
32.050, 1.14662541e-01, 3.31894352e-05, 3.16556016e+03
32.150, 1.15144226e-01, 3.32129210e-05, 3.16414091e+03
32.250, 1.15626912e-01, 3.32365144e-05, 3.16272045e+03
32.350, 1.16110620e-01, 3.32602168e-05, 3.16129875e+03
32.450, 1.16595371e-01, 3.32840293e-05, 3.15987574e+03
32.550, 1.17081129e-01, 3.33079505e-05, 3.15845155e+03
32.650, 1.17567933e-01, 3.33319826e-05, 3.15702607e+03
32.750, 1.18055748e-01, 3.33561240e-05, 3.15559941e+03
32.850, 1.18544595e-01, 3.33803759e-05, 3.15417153e+03
32.950, 1.19034494e-01, 3.34047397e-05, 3.15274237e+03
33.050, 1.19525409e-01, 3.34292138e-05, 3.15131205e+03
33.150, 1.20017381e-01, 3.34538004e-05, 3.14988047e+03
33.250, 1.20510374e-01, 3.34784979e-05, 3.14844773e+03
33.350, 1.21004407e-01, 3.35033077e-05, 3.14701380e+03
33.450, 1.21499502e-01, 3.35282309e-05, 3.14557861e+03
33.550, 1.21995623e-01, 3.35532660e-05, 3.14414229e+03
33.650, 1.22492810e-01, 3.35784153e-05, 3.14270474e+03
33.750, 1.22991026e-01, 3.36036771e-05, 3.14126606e+03
33.850, 1.23490292e-01, 3.36290528e-05, 3.13982620e+03
33.950, 1.23990628e-01, 3.36545436e-05, 3.13838513e+03
34.050, 1.24492000e-01, 3.36801478e-05, 3.13694295e+03
34.150, 1.24994445e-01, 3.37058679e-05, 3.13549956e+03
34.250, 1.25497928e-01, 3.37317020e-05, 3.13405508e+03
34.350, 1.26002469e-01, 3.37576516e-05, 3.13260946e+03
34.450, 1.26508090e-01, 3.37837179e-05, 3.13116264e+03
34.550, 1.27014754e-01, 3.38098993e-05, 3.12971475e+03
34.650, 1.27522499e-01, 3.38361980e-05, 3.12826568e+03
34.750, 1.28031291e-01, 3.38626124e-05, 3.12681555e+03
34.850, 1.28541148e-01, 3.38891438e-05, 3.12536431e+03
34.950, 1.29052093e-01, 3.39157935e-05, 3.12391191e+03
35.050, 1.29564087e-01, 3.39425598e-05, 3.12245847e+03
35.150, 1.30077172e-01, 3.39694450e-05, 3.12100388e+03
35.250, 1.30591309e-01, 3.39964474e-05, 3.11954826e+03
35.350, 1.31106520e-01, 3.40235684e-05, 3.11809156e+03
35.450, 1.31622826e-01, 3.40508092e-05, 3.11663374e+03
35.550, 1.32140187e-01, 3.40781680e-05, 3.11517491e+03
35.650, 1.32658646e-01, 3.41056473e-05, 3.11371497e+03
35.750, 1.33178164e-01, 3.41332453e-05, 3.11225404e+03
35.850, 1.33698762e-01, 3.41609633e-05, 3.11079207e+03
35.950, 1.34220462e-01, 3.41888027e-05, 3.10932900e+03
36.050, 1.34743223e-01, 3.42167616e-05, 3.10786497e+03
36.150, 1.35267088e-01, 3.42448424e-05, 3.10639986e+03
36.250, 1.35792018e-01, 3.42730433e-05, 3.10493380e+03
36.350, 1.36318033e-01, 3.43013657e-05, 3.10346673e+03
36.450, 1.36845155e-01, 3.43298109e-05, 3.10199862e+03
36.550, 1.37373345e-01, 3.43583771e-05, 3.10052957e+03
36.650, 1.37902644e-01, 3.43870666e-05, 3.09905949e+03
36.750, 1.38433013e-01, 3.44158776e-05, 3.09758849e+03
36.850, 1.38964472e-01, 3.44448114e-05, 3.09611653e+03
36.950, 1.39497042e-01, 3.44738695e-05, 3.09464357e+03
37.050, 1.40030685e-01, 3.45030498e-05, 3.09316971e+03
37.150, 1.40565442e-01, 3.45323549e-05, 3.09169486e+03
37.250, 1.41101271e-01, 3.45617829e-05, 3.09021914e+03
37.350, 1.41638196e-01, 3.45913349e-05, 3.08874250e+03
37.450, 1.42176236e-01, 3.46210126e-05, 3.08726489e+03
37.550, 1.42715352e-01, 3.46508138e-05, 3.08578644e+03
37.650, 1.43255585e-01, 3.46807411e-05, 3.08430703e+03
37.750, 1.43796894e-01, 3.47107925e-05, 3.08282681e+03
37.850, 1.44339301e-01, 3.47409693e-05, 3.08134571e+03
37.950, 1.44882827e-01, 3.47712730e-05, 3.07986369e+03
38.050, 1.45427431e-01, 3.48017014e-05, 3.07838087e+03
38.150, 1.45973154e-01, 3.48322572e-05, 3.07689715e+03
38.250, 1.46519956e-01, 3.48629382e-05, 3.07541265e+03
38.350, 1.47067858e-01, 3.48937458e-05, 3.07392733e+03
38.450, 1.47616881e-01, 3.49246815e-05, 3.07244113e+03
38.550, 1.48166983e-01, 3.49557431e-05, 3.07095419e+03
38.650, 1.48718206e-01, 3.49869332e-05, 3.06946639e+03
38.750, 1.49270508e-01, 3.50182497e-05, 3.06797787e+03
38.850, 1.49823911e-01, 3.50496939e-05, 3.06648858e+03
38.950, 1.50378436e-01, 3.50812673e-05, 3.06499846e+03
39.050, 1.50934040e-01, 3.51129676e-05, 3.06350765e+03
39.150, 1.51490766e-01, 3.51447976e-05, 3.06201604e+03
39.250, 1.52048571e-01, 3.51767548e-05, 3.06052375e+03
39.350, 1.52607476e-01, 3.52088409e-05, 3.05903074e+03
39.450, 1.53167503e-01, 3.52410572e-05, 3.05753697e+03
39.550, 1.53728608e-01, 3.52734013e-05, 3.05604256e+03
39.650, 1.54290834e-01, 3.53058761e-05, 3.05454741e+03
39.750, 1.54854137e-01, 3.53384791e-05, 3.05305163e+03
39.850, 1.55418539e-01, 3.53712119e-05, 3.05155520e+03
39.950, 1.55984061e-01, 3.54040757e-05, 3.05005805e+03
40.050, 1.56550658e-01, 3.54370684e-05, 3.04856033e+03
40.150, 1.57118375e-01, 3.54701925e-05, 3.04706191e+03
40.250, 1.57687166e-01, 3.55034456e-05, 3.04556294e+03
40.350, 1.58257053e-01, 3.55368293e-05, 3.04406337e+03
40.450, 1.58828056e-01, 3.55703450e-05, 3.04256314e+03
40.550, 1.59400132e-01, 3.56039901e-05, 3.04106240e+03
40.650, 1.59973322e-01, 3.56377675e-05, 3.03956103e+03
40.750, 1.60547584e-01, 3.56716747e-05, 3.03805917e+03
40.850, 1.61122936e-01, 3.57057131e-05, 3.03655676e+03
40.950, 1.61699401e-01, 3.57398841e-05, 3.03505377e+03
41.050, 1.62276932e-01, 3.57741853e-05, 3.03355032e+03
41.150, 1.62855574e-01, 3.58086194e-05, 3.03204631e+03
41.250, 1.63435280e-01, 3.58431838e-05, 3.03054188e+03
41.350, 1.64016072e-01, 3.58778800e-05, 3.02903696e+03
41.450, 1.64597970e-01, 3.59127094e-05, 3.02753153e+03
41.550, 1.65180928e-01, 3.59476695e-05, 3.02602571e+03
41.650, 1.65764989e-01, 3.59827630e-05, 3.02451939e+03
41.750, 1.66350108e-01, 3.60179873e-05, 3.02301271e+03
41.850, 1.66936304e-01, 3.60533437e-05, 3.02150563e+03
41.950, 1.67523599e-01, 3.60888339e-05, 3.01999809e+03
42.050, 1.68111946e-01, 3.61244550e-05, 3.01849024e+03
42.150, 1.68701388e-01, 3.61602099e-05, 3.01698196e+03
42.250, 1.69291878e-01, 3.61960960e-05, 3.01547339e+03
42.350, 1.69883437e-01, 3.62321145e-05, 3.01396449e+03
42.450, 1.70476084e-01, 3.62682669e-05, 3.01245521e+03
42.550, 1.71069774e-01, 3.63045506e-05, 3.01094568e+03
42.650, 1.71664548e-01, 3.63409683e-05, 3.00943580e+03
42.750, 1.72260360e-01, 3.63775172e-05, 3.00792571e+03
42.850, 1.72857229e-01, 3.64141988e-05, 3.00641535e+03
42.950, 1.73455177e-01, 3.64510144e-05, 3.00490470e+03
43.050, 1.74054154e-01, 3.64879613e-05, 3.00339387e+03
43.150, 1.74654204e-01, 3.65250423e-05, 3.00188277e+03
43.250, 1.75255279e-01, 3.65622545e-05, 3.00037153e+03
43.350, 1.75857399e-01, 3.65995993e-05, 2.99886011e+03
43.450, 1.76460583e-01, 3.66370781e-05, 2.99734846e+03
43.550, 1.77064784e-01, 3.66746881e-05, 2.99583672e+03
43.650, 1.77670044e-01, 3.67124320e-05, 2.99432479e+03
43.750, 1.78276314e-01, 3.67503070e-05, 2.99281280e+03
43.850, 1.78883614e-01, 3.67883144e-05, 2.99130070e+03
43.950, 1.79491965e-01, 3.68264556e-05, 2.98978847e+03
44.050, 1.80101315e-01, 3.68647277e-05, 2.98827622e+03
44.150, 1.80711709e-01, 3.69031334e-05, 2.98676387e+03
44.250, 1.81323096e-01, 3.69416698e-05, 2.98525153e+03
44.350, 1.81935497e-01, 3.69803383e-05, 2.98373918e+03
44.450, 1.82548931e-01, 3.70191402e-05, 2.98222677e+03
44.550, 1.83163347e-01, 3.70580724e-05, 2.98071444e+03
44.650, 1.83778789e-01, 3.70971378e-05, 2.97920208e+03
44.750, 1.84395206e-01, 3.71363333e-05, 2.97768983e+03
44.850, 1.85012617e-01, 3.71756603e-05, 2.97617764e+03
44.950, 1.85631042e-01, 3.72151202e-05, 2.97466549e+03
45.050, 1.86250430e-01, 3.72547097e-05, 2.97315350e+03
45.150, 1.86870824e-01, 3.72944317e-05, 2.97164157e+03
45.250, 1.87492172e-01, 3.73342831e-05, 2.97012984e+03
45.350, 1.88114493e-01, 3.73742652e-05, 2.96861826e+03
45.450, 1.88737807e-01, 3.74143793e-05, 2.96710681e+03
45.550, 1.89362062e-01, 3.74546222e-05, 2.96559560e+03
45.650, 1.89987300e-01, 3.74949967e-05, 2.96408455e+03
45.750, 1.90613470e-01, 3.75354996e-05, 2.96257379e+03
45.850, 1.91240590e-01, 3.75761323e-05, 2.96106328e+03
45.950, 1.91868679e-01, 3.76168959e-05, 2.95955298e+03
46.050, 1.92497685e-01, 3.76577873e-05, 2.95804302e+03
46.150, 1.93127650e-01, 3.76988092e-05, 2.95653331e+03
46.250, 1.93758521e-01, 3.77399583e-05, 2.95502398e+03
46.350, 1.94390317e-01, 3.77812359e-05, 2.95351500e+03
46.450, 1.95023057e-01, 3.78226433e-05, 2.95200632e+03
46.550, 1.95656687e-01, 3.78641771e-05, 2.95049808e+03
46.650, 1.96291250e-01, 3.79058401e-05, 2.94899019e+03
46.750, 1.96926691e-01, 3.79476289e-05, 2.94748277e+03
46.850, 1.97563029e-01, 3.79895448e-05, 2.94597579e+03
46.950, 1.98200284e-01, 3.80315890e-05, 2.94446922e+03
47.050, 1.98838399e-01, 3.80737581e-05, 2.94296318e+03
47.150, 1.99477418e-01, 3.81160548e-05, 2.94145758e+03
47.250, 2.00117287e-01, 3.81584757e-05, 2.93995256e+03
47.350, 2.00758022e-01, 3.82010221e-05, 2.93844808e+03
47.450, 2.01399643e-01, 3.82436951e-05, 2.93694410e+03
47.550, 2.02042095e-01, 3.82864911e-05, 2.93544076e+03
47.650, 2.02685418e-01, 3.83294131e-05, 2.93393796e+03
47.750, 2.03329559e-01, 3.83724573e-05, 2.93243583e+03
47.850, 2.03974535e-01, 3.84156251e-05, 2.93093435e+03
47.950, 2.04620364e-01, 3.84589176e-05, 2.92943347e+03
48.050, 2.05266989e-01, 3.85023311e-05, 2.92793332e+03
48.150, 2.05914454e-01, 3.85458686e-05, 2.92643382e+03
48.250, 2.06562701e-01, 3.85895262e-05, 2.92493510e+03
48.350, 2.07211749e-01, 3.86333052e-05, 2.92343712e+03
48.450, 2.07861614e-01, 3.86772067e-05, 2.92193984e+03
48.550, 2.08512241e-01, 3.87212271e-05, 2.92044341e+03
48.650, 2.09163670e-01, 3.87653691e-05, 2.91894772e+03
48.750, 2.09815846e-01, 3.88096289e-05, 2.91745292e+03
48.850, 2.10468785e-01, 3.88540077e-05, 2.91595896e+03
48.950, 2.11122504e-01, 3.88985067e-05, 2.91446581e+03
49.050, 2.11776947e-01, 3.89431220e-05, 2.91297361e+03
49.150, 2.12432155e-01, 3.89878564e-05, 2.91148225e+03
49.250, 2.13088069e-01, 3.90327061e-05, 2.90999189e+03
49.350, 2.13744708e-01, 3.90776721e-05, 2.90850248e+03
49.450, 2.14402087e-01, 3.91227556e-05, 2.90701398e+03
49.550, 2.15060150e-01, 3.91679527e-05, 2.90552654e+03
49.650, 2.15718936e-01, 3.92132661e-05, 2.90404005e+03
49.750, 2.16378389e-01, 3.92586919e-05, 2.90255466e+03
49.850, 2.17038524e-01, 3.93042312e-05, 2.90107032e+03
49.950, 2.17699358e-01, 3.93498852e-05, 2.89958701e+03
50.050, 2.18360832e-01, 3.93956497e-05, 2.89810485e+03
50.150, 2.19022988e-01, 3.94415276e-05, 2.89662376e+03
50.250, 2.19685766e-01, 3.94875147e-05, 2.89514387e+03
50.350, 2.20349182e-01, 3.95336123e-05, 2.89366515e+03
50.450, 2.21013254e-01, 3.95798213e-05, 2.89218755e+03
50.550, 2.21677921e-01, 3.96261376e-05, 2.89071122e+03
50.650, 2.22343224e-01, 3.96725641e-05, 2.88923607e+03
50.750, 2.23009105e-01, 3.97190965e-05, 2.88776222e+03
50.850, 2.23675578e-01, 3.97657360e-05, 2.88628965e+03
50.950, 2.24342659e-01, 3.98124835e-05, 2.88481831e+03
51.050, 2.25010289e-01, 3.98593349e-05, 2.88334835e+03
51.150, 2.25678509e-01, 3.99062929e-05, 2.88187967e+03
51.250, 2.26347257e-01, 3.99533533e-05, 2.88041240e+03
51.350, 2.27016550e-01, 4.00005172e-05, 2.87894652e+03
51.450, 2.27686403e-01, 4.00477855e-05, 2.87748198e+03
51.550, 2.28356756e-01, 4.00951539e-05, 2.87601893e+03
51.650, 2.29027649e-01, 4.01426252e-05, 2.87455726e+03
51.750, 2.29699021e-01, 4.01901952e-05, 2.87309712e+03
51.850, 2.30370888e-01, 4.02378647e-05, 2.87163847e+03
51.950, 2.31043265e-01, 4.02856348e-05, 2.87018127e+03
52.050, 2.31716090e-01, 4.03335011e-05, 2.86872566e+03
52.150, 2.32389404e-01, 4.03814664e-05, 2.86727155e+03
52.250, 2.33063146e-01, 4.04295262e-05, 2.86581908e+03
52.350, 2.33737331e-01, 4.04776816e-05, 2.86436820e+03
52.450, 2.34411973e-01, 4.05259335e-05, 2.86291888e+03
52.550, 2.35087011e-01, 4.05742774e-05, 2.86147126e+03
52.650, 2.35762485e-01, 4.06227161e-05, 2.86002525e+03
52.750, 2.36438334e-01, 4.06712451e-05, 2.85858098e+03
52.850, 2.37114571e-01, 4.07198654e-05, 2.85713841e+03
52.950, 2.37791212e-01, 4.07685779e-05, 2.85569752e+03
53.050, 2.38468195e-01, 4.08173780e-05, 2.85425843e+03
53.150, 2.39145559e-01, 4.08662685e-05, 2.85282105e+03
53.250, 2.39823242e-01, 4.09152449e-05, 2.85138552e+03
53.350, 2.40501259e-01, 4.09643081e-05, 2.84995180e+03
53.450, 2.41179624e-01, 4.10134589e-05, 2.84851986e+03
53.550, 2.41858275e-01, 4.10626929e-05, 2.84708983e+03
53.650, 2.42537251e-01, 4.11120127e-05, 2.84566162e+03
53.750, 2.43216490e-01, 4.11614136e-05, 2.84423536e+03
53.850, 2.43896005e-01, 4.12108967e-05, 2.84281102e+03
53.950, 2.44575812e-01, 4.12604628e-05, 2.84138857e+03
54.050, 2.45255847e-01, 4.13101071e-05, 2.83996813e+03
54.150, 2.45936150e-01, 4.13598326e-05, 2.83854962e+03
54.250, 2.46616658e-01, 4.14096344e-05, 2.83713316e+03
54.350, 2.47297384e-01, 4.14595134e-05, 2.83571873e+03
54.450, 2.47978344e-01, 4.15094706e-05, 2.83430628e+03
54.550, 2.48659473e-01, 4.15595012e-05, 2.83289596e+03
54.650, 2.49340812e-01, 4.16096079e-05, 2.83148766e+03
54.750, 2.50022296e-01, 4.16597859e-05, 2.83008153e+03
54.850, 2.50703941e-01, 4.17100361e-05, 2.82867752e+03
54.950, 2.51385759e-01, 4.17603595e-05, 2.82727560e+03
55.050, 2.52067687e-01, 4.18107511e-05, 2.82587591e+03
55.150, 2.52749765e-01, 4.18612138e-05, 2.82447835e+03
55.250, 2.53431929e-01, 4.19117426e-05, 2.82308305e+03
55.350, 2.54114193e-01, 4.19623385e-05, 2.82168998e+03
55.450, 2.54796570e-01, 4.20130024e-05, 2.82029910e+03
55.550, 2.55478997e-01, 4.20637292e-05, 2.81891055e+03
55.650, 2.56161514e-01, 4.21145219e-05, 2.81752423e+03
55.750, 2.56844056e-01, 4.21653755e-05, 2.81614027e+03
55.850, 2.57526637e-01, 4.22162908e-05, 2.81475864e+03
55.950, 2.58209271e-01, 4.22672687e-05, 2.81337930e+03
56.050, 2.58891894e-01, 4.23183044e-05, 2.81200239e+03
56.150, 2.59574545e-01, 4.23694005e-05, 2.81062780e+03
56.250, 2.60257161e-01, 4.24205521e-05, 2.80925568e+03
56.350, 2.60939755e-01, 4.24717600e-05, 2.80788598e+03
56.450, 2.61622340e-01, 4.25230252e-05, 2.80651868e+03
56.550, 2.62304854e-01, 4.25743425e-05, 2.80515389e+03
56.650, 2.62987334e-01, 4.26257149e-05, 2.80379153e+03
56.750, 2.63669718e-01, 4.26771373e-05, 2.80243172e+03
56.850, 2.64352018e-01, 4.27286106e-05, 2.80107444e+03
56.950, 2.65034249e-01, 4.27801356e-05, 2.79971965e+03
57.050, 2.65716346e-01, 4.28317073e-05, 2.79836746e+03
57.150, 2.66398349e-01, 4.28833284e-05, 2.79701780e+03
57.250, 2.67080193e-01, 4.29349941e-05, 2.79567079e+03
57.350, 2.67761893e-01, 4.29867050e-05, 2.79432639e+03
57.450, 2.68443463e-01, 4.30384621e-05, 2.79298458e+03
57.550, 2.69124837e-01, 4.30902602e-05, 2.79164546e+03
57.650, 2.69806056e-01, 4.31421023e-05, 2.79030896e+03
57.750, 2.70487056e-01, 4.31939833e-05, 2.78897520e+03
57.850, 2.71167850e-01, 4.32459039e-05, 2.78764415e+03
57.950, 2.71848453e-01, 4.32978651e-05, 2.78631576e+03
58.050, 2.72528800e-01, 4.33498618e-05, 2.78499017e+03
58.150, 2.73208931e-01, 4.34018968e-05, 2.78366728e+03
58.250, 2.73888782e-01, 4.34539651e-05, 2.78234722e+03
58.350, 2.74568368e-01, 4.35060674e-05, 2.78102995e+03
58.450, 2.75247701e-01, 4.35582047e-05, 2.77971543e+03
58.550, 2.75926718e-01, 4.36103718e-05, 2.77840380e+03
58.650, 2.76605460e-01, 4.36625716e-05, 2.77709495e+03
58.750, 2.77283862e-01, 4.37147991e-05, 2.77578902e+03
58.850, 2.77961938e-01, 4.37670550e-05, 2.77448596e+03
58.950, 2.78639703e-01, 4.38193403e-05, 2.77318574e+03
59.050, 2.79317093e-01, 4.38716498e-05, 2.77188848e+03
59.150, 2.79994148e-01, 4.39239865e-05, 2.77059409e+03
59.250, 2.80670805e-01, 4.39763452e-05, 2.76930269e+03
59.350, 2.81347078e-01, 4.40287268e-05, 2.76801425e+03
59.450, 2.82022981e-01, 4.40811322e-05, 2.76672873e+03
59.550, 2.82698452e-01, 4.41335563e-05, 2.76544625e+03
59.650, 2.83373530e-01, 4.41860021e-05, 2.76416672e+03
59.750, 2.84048153e-01, 4.42384643e-05, 2.76289025e+03
59.850, 2.84722335e-01, 4.42909439e-05, 2.76161681e+03
59.950, 2.85396090e-01, 4.43434419e-05, 2.76034638e+03
60.050, 2.86069357e-01, 4.43959531e-05, 2.75907904e+03
60.150, 2.86742175e-01, 4.44484805e-05, 2.75781474e+03
60.250, 2.87414482e-01, 4.45010190e-05, 2.75655357e+03
60.350, 2.88086293e-01, 4.45535695e-05, 2.75529551e+03
60.450, 2.88757623e-01, 4.46061329e-05, 2.75404051e+03
60.550, 2.89428410e-01, 4.46587042e-05, 2.75278868e+03
60.650, 2.90098695e-01, 4.47112864e-05, 2.75153995e+03
60.750, 2.90768415e-01, 4.47638744e-05, 2.75029442e+03
60.850, 2.91437587e-01, 4.48164692e-05, 2.74905206e+03
60.950, 2.92106225e-01, 4.48690717e-05, 2.74781282e+03
61.050, 2.92774268e-01, 4.49216769e-05, 2.74657683e+03
61.150, 2.93441757e-01, 4.49742878e-05, 2.74534398e+03
61.250, 2.94108632e-01, 4.50268994e-05, 2.74411440e+03
61.350, 2.94774908e-01, 4.50795126e-05, 2.74288804e+03
61.450, 2.95440600e-01, 4.51321286e-05, 2.74166486e+03
61.550, 2.96105649e-01, 4.51847423e-05, 2.74044498e+03
61.650, 2.96770096e-01, 4.52373568e-05, 2.73922830e+03
61.750, 2.97433880e-01, 4.52899671e-05, 2.73801492e+03
61.850, 2.98097018e-01, 4.53425742e-05, 2.73680482e+03
61.950, 2.98759527e-01, 4.53951792e-05, 2.73559795e+03
62.050, 2.99421347e-01, 4.54477772e-05, 2.73439441e+03
62.150, 3.00082520e-01, 4.55003713e-05, 2.73319412e+03
62.250, 3.00742987e-01, 4.55529566e-05, 2.73199718e+03
62.350, 3.01402764e-01, 4.56055342e-05, 2.73080354e+03
62.450, 3.02061870e-01, 4.56581052e-05, 2.72961317e+03
62.550, 3.02720246e-01, 4.57106648e-05, 2.72842617e+03
62.650, 3.03377934e-01, 4.57632161e-05, 2.72724244e+03
62.750, 3.04034876e-01, 4.58157543e-05, 2.72606208e+03
62.850, 3.04691092e-01, 4.58682807e-05, 2.72488505e+03
62.950, 3.05346597e-01, 4.59207963e-05, 2.72371130e+03
63.050, 3.06001337e-01, 4.59732965e-05, 2.72254094e+03
63.150, 3.06655353e-01, 4.60257845e-05, 2.72137386e+03
63.250, 3.07308590e-01, 4.60782555e-05, 2.72021017e+03
63.350, 3.07961066e-01, 4.61307108e-05, 2.71904981e+03
63.450, 3.08612801e-01, 4.61831519e-05, 2.71789273e+03
63.550, 3.09263739e-01, 4.62355739e-05, 2.71673904e+03
63.650, 3.09913925e-01, 4.62879802e-05, 2.71558862e+03
63.750, 3.10563304e-01, 4.63403662e-05, 2.71444157e+03
63.850, 3.11211896e-01, 4.63927334e-05, 2.71329784e+03
63.950, 3.11859721e-01, 4.64450831e-05, 2.71215738e+03
64.050, 3.12506751e-01, 4.64974128e-05, 2.71102022e+03
64.150, 3.13152957e-01, 4.65497200e-05, 2.70988641e+03
64.250, 3.13798361e-01, 4.66020061e-05, 2.70875587e+03
64.350, 3.14442960e-01, 4.66542708e-05, 2.70762861e+03
64.450, 3.15086750e-01, 4.67065137e-05, 2.70650462e+03
64.550, 3.15729779e-01, 4.67587382e-05, 2.70538378e+03
64.650, 3.16371947e-01, 4.68109361e-05, 2.70426627e+03
64.750, 3.17013302e-01, 4.68631110e-05, 2.70315197e+03
64.850, 3.17653842e-01, 4.69152627e-05, 2.70204087e+03
64.950, 3.18293567e-01, 4.69673909e-05, 2.70093294e+03
65.050, 3.18932526e-01, 4.70194994e-05, 2.69982809e+03
65.150, 3.19570622e-01, 4.70715801e-05, 2.69872646e+03
65.250, 3.20207904e-01, 4.71236367e-05, 2.69762793e+03
65.350, 3.20844374e-01, 4.71756693e-05, 2.69653248e+03
65.450, 3.21480033e-01, 4.72276778e-05, 2.69544008e+03
65.550, 3.22114934e-01, 4.72796663e-05, 2.69435062e+03
65.650, 3.22748983e-01, 4.73316267e-05, 2.69326423e+03
65.750, 3.23382231e-01, 4.73835633e-05, 2.69218079e+03
65.850, 3.24014683e-01, 4.74354762e-05, 2.69110026e+03
65.950, 3.24646344e-01, 4.74873656e-05, 2.69002259e+03
66.050, 3.25277268e-01, 4.75392358e-05, 2.68894768e+03
66.150, 3.25907366e-01, 4.75910792e-05, 2.68787562e+03
66.250, 3.26536693e-01, 4.76429003e-05, 2.68680630e+03
66.350, 3.27165257e-01, 4.76946995e-05, 2.68573966e+03
66.450, 3.27793067e-01, 4.77464773e-05, 2.68467564e+03
66.550, 3.28420179e-01, 4.77982384e-05, 2.68361411e+03
66.650, 3.29046510e-01, 4.78499756e-05, 2.68255517e+03
66.750, 3.29663900e-01, 4.79010138e-05, 2.68143554e+03
66.850, 3.30287637e-01, 4.79526168e-05, 2.68038349e+03
66.950, 3.30910412e-01, 4.80041802e-05, 2.67933465e+03
67.050, 3.31532267e-01, 4.80557074e-05, 2.67828896e+03
67.150, 3.32153102e-01, 4.81071899e-05, 2.67724656e+03
67.250, 3.32772960e-01, 4.81586311e-05, 2.67620738e+03
67.350, 3.33391836e-01, 4.82100302e-05, 2.67517141e+03
67.450, 3.34009725e-01, 4.82613868e-05, 2.67413864e+03
67.550, 3.34626670e-01, 4.83127042e-05, 2.67310901e+03
67.650, 3.35242573e-01, 4.83639740e-05, 2.67208265e+03
67.750, 3.35857475e-01, 4.84151996e-05, 2.67105950e+03
67.850, 3.36471374e-01, 4.84663804e-05, 2.67003954e+03
67.950, 3.37084265e-01, 4.85175158e-05, 2.66902277e+03
68.050, 3.37696190e-01, 4.85686093e-05, 2.66800911e+03
68.150, 3.38307053e-01, 4.86196526e-05, 2.66699871e+03
68.250, 3.38916896e-01, 4.86706489e-05, 2.66599149e+03
68.350, 3.39525715e-01, 4.87215979e-05, 2.66498744e+03
68.450, 3.40133508e-01, 4.87724989e-05, 2.66398656e+03
68.550, 3.40740316e-01, 4.88233555e-05, 2.66298878e+03
68.650, 3.41346044e-01, 4.88741594e-05, 2.66199422e+03
68.750, 3.41950735e-01, 4.89249140e-05, 2.66100283e+03
68.850, 3.42554385e-01, 4.89756188e-05, 2.66001458e+03
68.950, 3.43156992e-01, 4.90262734e-05, 2.65902948e+03
69.050, 3.43758599e-01, 4.90768812e-05, 2.65804744e+03
69.150, 3.44359109e-01, 4.91274340e-05, 2.65706862e+03
69.250, 3.44958568e-01, 4.91779353e-05, 2.65609292e+03
69.350, 3.45556971e-01, 4.92283846e-05, 2.65512034e+03
69.450, 3.46154317e-01, 4.92787816e-05, 2.65415089e+03
69.550, 3.46750647e-01, 4.93291296e-05, 2.65318447e+03
69.650, 3.47345869e-01, 4.93794206e-05, 2.65222123e+03
69.750, 3.47940026e-01, 4.94296581e-05, 2.65126109e+03
69.850, 3.48533115e-01, 4.94798416e-05, 2.65030405e+03
69.950, 3.49125133e-01, 4.95299708e-05, 2.64935009e+03
70.050, 3.49716125e-01, 4.95800492e-05, 2.64839914e+03
70.150, 3.50305997e-01, 4.96300686e-05, 2.64745134e+03
70.250, 3.50894792e-01, 4.96800327e-05, 2.64650661e+03
70.350, 3.51482509e-01, 4.97299410e-05, 2.64556494e+03
70.450, 3.52069146e-01, 4.97797932e-05, 2.64462633e+03
70.550, 3.52654745e-01, 4.98295927e-05, 2.64369069e+03
70.650, 3.53239215e-01, 4.98793318e-05, 2.64275817e+03
70.750, 3.53822600e-01, 4.99290137e-05, 2.64182868e+03
70.850, 3.54404898e-01, 4.99786382e-05, 2.64090222e+03
70.950, 3.54986106e-01, 5.00282050e-05, 2.63997878e+03
71.050, 3.55566269e-01, 5.00777176e-05, 2.63905829e+03
71.150, 3.56145295e-01, 5.01271681e-05, 2.63814088e+03
71.250, 3.56723229e-01, 5.01765600e-05, 2.63722646e+03
71.350, 3.57300068e-01, 5.02258931e-05, 2.63631504e+03
71.450, 3.57875811e-01, 5.02751670e-05, 2.63540660e+03
71.550, 3.58450502e-01, 5.03243852e-05, 2.63450108e+03
71.650, 3.59024051e-01, 5.03735400e-05, 2.63359859e+03
71.750, 3.59596501e-01, 5.04226348e-05, 2.63269907e+03
71.850, 3.60167851e-01, 5.04716695e-05, 2.63180250e+03
71.950, 3.60738101e-01, 5.05206437e-05, 2.63090888e+03
72.050, 3.61307292e-01, 5.05695609e-05, 2.63001814e+03
72.150, 3.61875338e-01, 5.06184135e-05, 2.62913039e+03
72.250, 3.62442280e-01, 5.06672050e-05, 2.62824557e+03
72.350, 3.63008119e-01, 5.07159350e-05, 2.62736367e+03
72.450, 3.63572854e-01, 5.07646035e-05, 2.62648468e+03
72.550, 3.64136527e-01, 5.08132139e-05, 2.62560853e+03
72.650, 3.64699051e-01, 5.08617586e-05, 2.62473533e+03
72.750, 3.65260470e-01, 5.09102411e-05, 2.62386502e+03
72.850, 3.65820782e-01, 5.09586611e-05, 2.62299759e+03
72.950, 3.66379988e-01, 5.10070186e-05, 2.62213303e+03
73.050, 3.66938129e-01, 5.10553170e-05, 2.62127127e+03
73.150, 3.67495122e-01, 5.11035487e-05, 2.62041243e+03
73.250, 3.68051006e-01, 5.11517173e-05, 2.61955643e+03
73.350, 3.68605784e-01, 5.11998225e-05, 2.61870327e+03
73.450, 3.69159455e-01, 5.12478644e-05, 2.61785294e+03
73.550, 3.69712060e-01, 5.12958462e-05, 2.61700537e+03
73.650, 3.70263515e-01, 5.13437606e-05, 2.61616067e+03
73.750, 3.70813864e-01, 5.13916110e-05, 2.61531878e+03
73.850, 3.71363105e-01, 5.14393974e-05, 2.61447969e+03
73.950, 3.71911240e-01, 5.14871196e-05, 2.61364338e+03
74.050, 3.72458309e-01, 5.15347810e-05, 2.61280979e+03
74.150, 3.73004230e-01, 5.15823743e-05, 2.61197904e+03
74.250, 3.73549046e-01, 5.16299030e-05, 2.61115105e+03
74.350, 3.74092755e-01, 5.16773670e-05, 2.61032581e+03
74.450, 3.74635360e-01, 5.17247661e-05, 2.60950332e+03
74.550, 3.75176900e-01, 5.17721038e-05, 2.60868350e+03
74.650, 3.75717295e-01, 5.18193729e-05, 2.60786648e+03
74.750, 3.76256586e-01, 5.18665768e-05, 2.60705217e+03
74.850, 3.76794774e-01, 5.19137154e-05, 2.60624058e+03
74.950, 3.77331860e-01, 5.19607886e-05, 2.60543169e+03
75.050, 3.77867884e-01, 5.20078000e-05, 2.60462544e+03
75.150, 3.78402766e-01, 5.20547422e-05, 2.60382193e+03
75.250, 3.78936548e-01, 5.21016188e-05, 2.60302110e+03
75.350, 3.79469230e-01, 5.21484297e-05, 2.60222294e+03
75.450, 3.80000813e-01, 5.21951748e-05, 2.60142744e+03
75.550, 3.80531338e-01, 5.22418576e-05, 2.60063453e+03
75.650, 3.81060726e-01, 5.22884709e-05, 2.59984432e+03
75.750, 3.81589018e-01, 5.23350183e-05, 2.59905675e+03
75.850, 3.82116214e-01, 5.23814996e-05, 2.59827180e+03
75.950, 3.82642317e-01, 5.24279147e-05, 2.59748947e+03
76.050, 3.83167366e-01, 5.24742673e-05, 2.59670969e+03
76.150, 3.83691283e-01, 5.25205501e-05, 2.59593257e+03
76.250, 3.84214109e-01, 5.25667667e-05, 2.59515804e+03
76.350, 3.84735845e-01, 5.26129170e-05, 2.59438609e+03
76.450, 3.85256492e-01, 5.26590010e-05, 2.59361671e+03
76.550, 3.85776092e-01, 5.27050222e-05, 2.59284985e+03
76.650, 3.86294565e-01, 5.27509734e-05, 2.59208559e+03
76.750, 3.86811954e-01, 5.27968582e-05, 2.59132388e+03
76.850, 3.87328259e-01, 5.28426766e-05, 2.59056471e+03
76.950, 3.87843482e-01, 5.28884285e-05, 2.58980807e+03
77.050, 3.88357663e-01, 5.29341175e-05, 2.58905389e+03
77.150, 3.88870726e-01, 5.29797364e-05, 2.58830229e+03
77.250, 3.89382710e-01, 5.30252889e-05, 2.58755318e+03
77.350, 3.89893617e-01, 5.30707749e-05, 2.58680657e+03
77.450, 3.90403450e-01, 5.31161943e-05, 2.58606245e+03
77.550, 3.90912247e-01, 5.31615507e-05, 2.58532075e+03
77.650, 3.91419934e-01, 5.32068371e-05, 2.58458157e+03
77.750, 3.91926550e-01, 5.32520571e-05, 2.58384485e+03
77.850, 3.92432096e-01, 5.32972105e-05, 2.58311058e+03
77.950, 3.92936576e-01, 5.33422974e-05, 2.58237876e+03
78.050, 3.93440028e-01, 5.33873213e-05, 2.58164931e+03
78.150, 3.93942378e-01, 5.34322754e-05, 2.58092234e+03
78.250, 3.94443665e-01, 5.34771629e-05, 2.58019779e+03
78.350, 3.94943891e-01, 5.35219841e-05, 2.57947565e+03
78.450, 3.95443059e-01, 5.35667388e-05, 2.57875590e+03
78.550, 3.95941207e-01, 5.36114306e-05, 2.57803849e+03
78.650, 3.96438262e-01, 5.36560527e-05, 2.57732352e+03
78.750, 3.96934263e-01, 5.37006084e-05, 2.57661092e+03
78.850, 3.97429212e-01, 5.37450979e-05, 2.57590068e+03
78.950, 3.97923111e-01, 5.37895212e-05, 2.57519280e+03
79.050, 3.98416000e-01, 5.38338816e-05, 2.57448721e+03
79.150, 3.98907805e-01, 5.38781725e-05, 2.57378401e+03
79.250, 3.99398565e-01, 5.39223973e-05, 2.57308314e+03
79.350, 3.99888283e-01, 5.39665560e-05, 2.57238460e+03
79.450, 4.00376961e-01, 5.40106487e-05, 2.57168836e+03
79.550, 4.00864637e-01, 5.40546788e-05, 2.57099438e+03
79.650, 4.01351240e-01, 5.40986397e-05, 2.57030274e+03
79.750, 4.01836807e-01, 5.41425347e-05, 2.56961339e+03
79.850, 4.02321343e-01, 5.41863639e-05, 2.56892632e+03
79.950, 4.02804848e-01, 5.42301273e-05, 2.56824152e+03
80.050, 4.03287361e-01, 5.42738284e-05, 2.56755893e+03
80.150, 4.03768811e-01, 5.43174606e-05, 2.56687864e+03
80.250, 4.04249236e-01, 5.43610272e-05, 2.56620059e+03
80.350, 4.04728640e-01, 5.44045283e-05, 2.56552479e+03
80.450, 4.05207023e-01, 5.44479641e-05, 2.56485120e+03
80.550, 4.05684424e-01, 5.44913378e-05, 2.56417979e+03
80.650, 4.06160773e-01, 5.45346429e-05, 2.56351064e+03
80.750, 4.06636109e-01, 5.45778828e-05, 2.56284369e+03
80.850, 4.07110433e-01, 5.46210576e-05, 2.56217893e+03
80.950, 4.07583747e-01, 5.46641674e-05, 2.56151636e+03
81.050, 4.08056091e-01, 5.47072155e-05, 2.56085591e+03
81.150, 4.08527393e-01, 5.47501955e-05, 2.56019769e+03
81.250, 4.08997692e-01, 5.47931107e-05, 2.55954162e+03
81.350, 4.09466991e-01, 5.48359611e-05, 2.55888771e+03
81.450, 4.09935292e-01, 5.48787470e-05, 2.55823593e+03
81.550, 4.10402632e-01, 5.49214716e-05, 2.55758625e+03
81.650, 4.10868943e-01, 5.49641285e-05, 2.55693874e+03
81.750, 4.11334262e-01, 5.50067210e-05, 2.55629335e+03
81.850, 4.11798592e-01, 5.50492493e-05, 2.55565007e+03
81.950, 4.12261935e-01, 5.50917134e-05, 2.55500890e+03
82.050, 4.12724329e-01, 5.51341167e-05, 2.55436977e+03
82.150, 4.13185704e-01, 5.51764528e-05, 2.55373277e+03
82.250, 4.13646100e-01, 5.52187250e-05, 2.55309786e+03
82.350, 4.14105518e-01, 5.52609335e-05, 2.55246501e+03
82.450, 4.14563961e-01, 5.53030783e-05, 2.55183423e+03
82.550, 4.15021466e-01, 5.53451628e-05, 2.55120545e+03
82.650, 4.15477965e-01, 5.53871805e-05, 2.55057876e+03
82.750, 4.15933496e-01, 5.54291350e-05, 2.54995412e+03
82.850, 4.16388061e-01, 5.54710261e-05, 2.54933150e+03
82.950, 4.16841662e-01, 5.55128542e-05, 2.54871091e+03
83.050, 4.17294337e-01, 5.55546224e-05, 2.54809228e+03
83.150, 4.17746018e-01, 5.55963244e-05, 2.54747571e+03
83.250, 4.18196743e-01, 5.56379637e-05, 2.54686114e+03
83.350, 4.18646514e-01, 5.56795403e-05, 2.54624855e+03
83.450, 4.19095334e-01, 5.57210543e-05, 2.54563795e+03
83.550, 4.19543238e-01, 5.57625090e-05, 2.54502928e+03
83.650, 4.19990162e-01, 5.58038981e-05, 2.54442262e+03
83.750, 4.20436141e-01, 5.58452250e-05, 2.54381792e+03
83.850, 4.20881178e-01, 5.58864898e-05, 2.54321518e+03
83.950, 4.21325276e-01, 5.59276926e-05, 2.54261437e+03
84.050, 4.21768471e-01, 5.59688367e-05, 2.54201546e+03
84.150, 4.22210698e-01, 5.60099158e-05, 2.54141853e+03
84.250, 4.22651992e-01, 5.60509333e-05, 2.54082351e+03
84.350, 4.23092357e-01, 5.60918893e-05, 2.54023041e+03
84.450, 4.23531794e-01, 5.61327839e-05, 2.53963921e+03
84.550, 4.23970340e-01, 5.61736203e-05, 2.53904987e+03
84.650, 4.24407931e-01, 5.62143924e-05, 2.53846246e+03
84.750, 4.24844601e-01, 5.62551035e-05, 2.53787693e+03
84.850, 4.25280355e-01, 5.62957537e-05, 2.53729329e+03
84.950, 4.25715193e-01, 5.63363432e-05, 2.53671151e+03
85.050, 4.26149153e-01, 5.63768750e-05, 2.53613154e+03
85.150, 4.26582169e-01, 5.64173433e-05, 2.53555348e+03
85.250, 4.27014278e-01, 5.64577511e-05, 2.53497726e+03
85.350, 4.27445481e-01, 5.64980987e-05, 2.53440288e+03
85.450, 4.27875783e-01, 5.65383862e-05, 2.53383033e+03
85.550, 4.28305217e-01, 5.65786167e-05, 2.53325956e+03
85.650, 4.28733721e-01, 5.66187843e-05, 2.53269066e+03
85.750, 4.29161330e-01, 5.66588921e-05, 2.53212356e+03
85.850, 4.29588046e-01, 5.66989403e-05, 2.53155827e+03
85.950, 4.30013873e-01, 5.67389291e-05, 2.53099477e+03
86.050, 4.30438844e-01, 5.67788615e-05, 2.53043301e+03
86.150, 4.30862898e-01, 5.68187317e-05, 2.52987308e+03
86.250, 4.31286069e-01, 5.68585428e-05, 2.52931493e+03
86.350, 4.31708360e-01, 5.68982950e-05, 2.52875854e+03
86.450, 4.32129774e-01, 5.69379883e-05, 2.52820391e+03
86.550, 4.32550344e-01, 5.69776260e-05, 2.52765099e+03
86.650, 4.32970010e-01, 5.70172022e-05, 2.52709986e+03
86.750, 4.33388806e-01, 5.70567199e-05, 2.52655047e+03
86.850, 4.33806734e-01, 5.70961794e-05, 2.52600281e+03
86.950, 4.34223797e-01, 5.71355808e-05, 2.52545687e+03
87.050, 4.34640030e-01, 5.71749271e-05, 2.52491262e+03
87.150, 4.35055370e-01, 5.72142126e-05, 2.52437011e+03
87.250, 4.35469852e-01, 5.72534404e-05, 2.52382931e+03
87.350, 4.35883480e-01, 5.72926107e-05, 2.52329021e+03
87.450, 4.36296255e-01, 5.73317235e-05, 2.52275279e+03
87.550, 4.36708210e-01, 5.73707819e-05, 2.52221702e+03
87.650, 4.37119287e-01, 5.74097803e-05, 2.52168297e+03
87.750, 4.37529519e-01, 5.74487216e-05, 2.52115059e+03
87.850, 4.37938907e-01, 5.74876060e-05, 2.52061987e+03
87.950, 4.38347456e-01, 5.75264337e-05, 2.52009081e+03
88.050, 4.38755197e-01, 5.75652078e-05, 2.51956336e+03
88.150, 4.39162073e-01, 5.76039224e-05, 2.51903760e+03
88.250, 4.39568115e-01, 5.76425808e-05, 2.51851347e+03
88.350, 4.39973327e-01, 5.76811829e-05, 2.51799097e+03
88.450, 4.40377711e-01, 5.77197291e-05, 2.51747010e+03
88.550, 4.40781300e-01, 5.77582222e-05, 2.51695081e+03
88.650, 4.41184035e-01, 5.77966567e-05, 2.51643316e+03
88.750, 4.41585950e-01, 5.78350356e-05, 2.51591712e+03
88.850, 4.41987046e-01, 5.78733590e-05, 2.51540268e+03
88.950, 4.42387327e-01, 5.79116271e-05, 2.51488983e+03
89.050, 4.42786825e-01, 5.79498429e-05, 2.51437853e+03
89.150, 4.43185482e-01, 5.79880008e-05, 2.51386885e+03
89.250, 4.43583330e-01, 5.80261037e-05, 2.51336074e+03
89.350, 4.43980372e-01, 5.80641519e-05, 2.51285420e+03
89.450, 4.44376611e-01, 5.81021455e-05, 2.51234922e+03
89.550, 4.44772079e-01, 5.81400876e-05, 2.51184575e+03
89.650, 4.45166718e-01, 5.81779724e-05, 2.51134387e+03
89.750, 4.45560561e-01, 5.82158030e-05, 2.51084353e+03
89.850, 4.45953610e-01, 5.82535796e-05, 2.51034473e+03
89.950, 4.46345868e-01, 5.82913022e-05, 2.50984746e+03
90.050, 4.46737366e-01, 5.83289740e-05, 2.50935167e+03
90.150, 4.47128048e-01, 5.83665893e-05, 2.50885744e+03
90.250, 4.47517946e-01, 5.84041512e-05, 2.50836472e+03
90.350, 4.47907062e-01, 5.84416597e-05, 2.50787351e+03
90.450, 4.48295398e-01, 5.84791150e-05, 2.50738379e+03
90.550, 4.48682988e-01, 5.85165201e-05, 2.50689554e+03
90.650, 4.49069772e-01, 5.85538695e-05, 2.50640880e+03
90.750, 4.49455785e-01, 5.85911661e-05, 2.50592355e+03
90.850, 4.49841028e-01, 5.86284101e-05, 2.50543978e+03
90.950, 4.50225503e-01, 5.86656017e-05, 2.50495747e+03
91.050, 4.50609242e-01, 5.87027437e-05, 2.50447659e+03
91.150, 4.50992189e-01, 5.87398308e-05, 2.50399721e+03
91.250, 4.51374376e-01, 5.87768657e-05, 2.50351928e+03
91.350, 4.51755805e-01, 5.88138488e-05, 2.50304279e+03
91.450, 4.52136477e-01, 5.88507801e-05, 2.50256775e+03
91.550, 4.52516426e-01, 5.88876627e-05, 2.50209411e+03
91.650, 4.52895594e-01, 5.89244909e-05, 2.50162193e+03
91.750, 4.53274014e-01, 5.89612678e-05, 2.50115117e+03
91.850, 4.53651687e-01, 5.89979935e-05, 2.50068184e+03
91.950, 4.54028616e-01, 5.90346682e-05, 2.50021391e+03
92.050, 4.54404832e-01, 5.90712947e-05, 2.49974736e+03
92.150, 4.54780280e-01, 5.91078677e-05, 2.49928225e+03
92.250, 4.55154990e-01, 5.91443900e-05, 2.49881853e+03
92.350, 4.55528966e-01, 5.91808619e-05, 2.49835620e+03
92.450, 4.55902209e-01, 5.92172835e-05, 2.49789526e+03
92.550, 4.56274750e-01, 5.92536576e-05, 2.49743566e+03
92.650, 4.56646535e-01, 5.92899788e-05, 2.49697747e+03
92.750, 4.57017594e-01, 5.93262502e-05, 2.49652065e+03
92.850, 4.57387930e-01, 5.93624718e-05, 2.49606519e+03
92.950, 4.57757544e-01, 5.93986437e-05, 2.49561109e+03
93.050, 4.58126467e-01, 5.94347689e-05, 2.49515831e+03
93.150, 4.58494646e-01, 5.94708420e-05, 2.49470691e+03
93.250, 4.58862110e-01, 5.95068658e-05, 2.49425686e+03
93.350, 4.59228862e-01, 5.95428406e-05, 2.49380814e+03
93.450, 4.59594904e-01, 5.95787664e-05, 2.49336075e+03
93.550, 4.59960266e-01, 5.96146462e-05, 2.49291465e+03
93.650, 4.60324895e-01, 5.96504746e-05, 2.49246991e+03
93.750, 4.60688820e-01, 5.96862544e-05, 2.49202649e+03
93.850, 4.61052045e-01, 5.97219859e-05, 2.49158437e+03
93.950, 4.61414570e-01, 5.97576691e-05, 2.49114356e+03
94.050, 4.61776426e-01, 5.97933069e-05, 2.49070402e+03
94.150, 4.62137560e-01, 5.98288940e-05, 2.49026581e+03
94.250, 4.62498002e-01, 5.98644333e-05, 2.48982889e+03
94.350, 4.62857754e-01, 5.98999249e-05, 2.48939325e+03
94.450, 4.63216818e-01, 5.99353690e-05, 2.48895889e+03
94.550, 4.63575224e-01, 5.99707683e-05, 2.48852578e+03
94.650, 4.63932918e-01, 6.00061176e-05, 2.48809397e+03
94.750, 4.64289931e-01, 6.00414198e-05, 2.48766343e+03
94.850, 4.64646265e-01, 6.00766750e-05, 2.48723414e+03
94.950, 4.65001921e-01, 6.01118833e-05, 2.48680611e+03
95.050, 4.65356930e-01, 6.01470475e-05, 2.48637931e+03
95.150, 4.65711239e-01, 6.01821625e-05, 2.48595377e+03
95.250, 4.66064877e-01, 6.02172309e-05, 2.48552948e+03
95.350, 4.66417846e-01, 6.02522531e-05, 2.48510643e+03
95.450, 4.66770149e-01, 6.02872290e-05, 2.48468461e+03
95.550, 4.67121814e-01, 6.03221615e-05, 2.48426398e+03
95.650, 4.67472790e-01, 6.03570455e-05, 2.48384461e+03
95.750, 4.67823106e-01, 6.03918836e-05, 2.48342645e+03
95.850, 4.68172764e-01, 6.04266761e-05, 2.48300951e+03
95.950, 4.68521766e-01, 6.04614230e-05, 2.48259378e+03
96.050, 4.68870140e-01, 6.04961272e-05, 2.48217922e+03
96.150, 4.69217836e-01, 6.05307834e-05, 2.48176588e+03
96.250, 4.69564883e-01, 6.05653946e-05, 2.48135375e+03
96.350, 4.69911281e-01, 6.05999607e-05, 2.48094280e+03
96.450, 4.70257034e-01, 6.06344819e-05, 2.48053303e+03
96.550, 4.70602169e-01, 6.06689611e-05, 2.48012442e+03
96.650, 4.70946637e-01, 6.07033930e-05, 2.47971701e+03
96.750, 4.71290465e-01, 6.07377804e-05, 2.47931078e+03
96.850, 4.71633655e-01, 6.07721235e-05, 2.47890571e+03
96.950, 4.71976210e-01, 6.08064223e-05, 2.47850180e+03
97.050, 4.72318158e-01, 6.08406797e-05, 2.47809903e+03
97.150, 4.72659448e-01, 6.08748905e-05, 2.47769743e+03
97.250, 4.73000108e-01, 6.09090575e-05, 2.47729699e+03
97.350, 4.73340141e-01, 6.09431808e-05, 2.47689769e+03
97.450, 4.73679548e-01, 6.09772605e-05, 2.47649953e+03
97.550, 4.74018358e-01, 6.10112994e-05, 2.47610248e+03
97.650, 4.74356521e-01, 6.10452923e-05, 2.47570659e+03
97.750, 4.74694064e-01, 6.10792421e-05, 2.47531182e+03
97.850, 4.75030989e-01, 6.11131488e-05, 2.47491818e+03
97.950, 4.75367298e-01, 6.11470126e-05, 2.47452566e+03
98.050, 4.75703020e-01, 6.11808361e-05, 2.47413423e+03
98.150, 4.76038104e-01, 6.12146144e-05, 2.47374393e+03
98.250, 4.76372579e-01, 6.12483502e-05, 2.47335475e+03
98.350, 4.76706445e-01, 6.12820435e-05, 2.47296666e+03
98.450, 4.77039706e-01, 6.13156945e-05, 2.47257967e+03
98.550, 4.77372388e-01, 6.13493059e-05, 2.47219375e+03
98.650, 4.77704442e-01, 6.13828727e-05, 2.47180894e+03
98.750, 4.78035897e-01, 6.14163975e-05, 2.47142523e+03
98.850, 4.78366753e-01, 6.14498806e-05, 2.47104259e+03
98.950, 4.78697012e-01, 6.14833220e-05, 2.47066103e+03
99.050, 4.79026703e-01, 6.15167244e-05, 2.47028052e+03
99.150, 4.79355775e-01, 6.15500828e-05, 2.46990110e+03
99.250, 4.79684257e-01, 6.15833998e-05, 2.46952275e+03
99.350, 4.80012150e-01, 6.16166758e-05, 2.46914546e+03
99.450, 4.80339456e-01, 6.16499106e-05, 2.46876923e+03
99.550, 4.80666202e-01, 6.16831070e-05, 2.46839403e+03
99.650, 4.80992339e-01, 6.17162601e-05, 2.46801990e+03
99.750, 4.81317896e-01, 6.17493725e-05, 2.46764682e+03
99.850, 4.81642872e-01, 6.17824443e-05, 2.46727478e+03
99.950, 4.81967271e-01, 6.18154757e-05, 2.46690378e+03
